-- world DB DML — generated by mcc emit-sql (IF-4, Tools SAD §2.6).
-- Deterministic full dump: tables in DDL order, rows by primary key.
-- DO NOT EDIT — rebuild with `mcc emit-sql`.
SET NAMES utf8mb4;
SET FOREIGN_KEY_CHECKS = 0;

-- world_manifest (boot handshake; worldd reads + verifies this).
INSERT INTO world_manifest
  (pack_namespace, pack_version, id_band, content_hash, schema_version, compatibility_version, mcc_version, built_at)
VALUES
  ('chibi', '0.1.0', 1, 'd26732993f2e1998da0158012d2c29498ca7a085d33e92d83a5ffbf391596a16', 1, 1, '0.0.0', '1970-01-01 00:00:00'),
  ('core', '0.1.0', 0, '9f90580d23f2989b38810a1019299e3efd7dbba357c82d1e7e8924fc5209bce1', 1, 1, '0.0.0', '1970-01-01 00:00:00');

-- npc_template (8 rows)
INSERT INTO npc_template (id, name, subtitle, level_min, level_max, creature_type, `rank`, faction, stat_health, stat_mana, stat_armor, stat_damage_min, stat_damage_max, stat_attack_speed_ms, ai_behavior, ai_aggro_radius_m, ai_leash_radius_m, ai_call_for_help_radius_m, ai_flee_at_health_pct, move_walk_speed_mps, move_run_speed_mps, vendor_ref_id, loot_table_ref_id, loot_money_min, loot_money_max, visual_model_id, visual_scale, visual_sound_set_id) VALUES
  (25, 'Kobold Digmaster', 'Mining Supervisor', 5, 5, 'humanoid', 'elite', 'hostile', 420, NULL, 90, 11, 16, 2200, 'aggressive', 22, 70, NULL, NULL, NULL, NULL, NULL, 21, 60, 140, 5, 1.15, 31),
  (26, 'Kobold Miner', NULL, 3, 4, 'humanoid', 'normal', 'hostile', 120, NULL, 45, 6, 9, 2000, 'aggressive', 18, 55, 12, 15, NULL, NULL, NULL, 21, 12, 38, 6, NULL, 31),
  (27, 'Quartermaster Bren', 'Emberfall Supplies', 10, 10, 'humanoid', 'normal', 'friendly', 800, NULL, 200, 15, 22, 2000, NULL, NULL, NULL, NULL, NULL, NULL, NULL, 36, NULL, NULL, NULL, 4, NULL, 30),
  (60, 'The Cindermaw', 'Terror of the Sunken Gallery', 8, 8, 'elemental', 'elite', 'hostile', 1400, NULL, 160, 24, 33, 2400, 'aggressive', 26, 90, NULL, 0, NULL, NULL, NULL, 57, 220, 480, 38, 1.6, 73),
  (61, 'Ember Wisp', 'Ashvent Drift', 5, 6, 'elemental', 'normal', 'hostile', 95, NULL, 20, 8, 12, 1800, 'aggressive', 14, 45, NULL, 0, NULL, NULL, NULL, 58, 3, 14, 39, 0.9, 74),
  (62, 'Foreman Dain', 'Cinderdeep Survivor', 8, 8, 'humanoid', 'normal', 'friendly', 640, NULL, 150, 12, 18, 2000, NULL, NULL, NULL, NULL, NULL, NULL, NULL, NULL, NULL, NULL, NULL, 41, NULL, 30),
  (63, 'Kobold Firecaller', 'Cinder Cultist', 5, 6, 'humanoid', 'normal', 'hostile', 140, NULL, 40, 9, 13, 2100, 'aggressive', 20, 60, 14, 20, NULL, NULL, NULL, 59, 20, 55, 6, 1.05, 31),
  (64, 'Warden Sela', 'Emberfall Trailwarden', 10, 10, 'humanoid', 'normal', 'friendly', 900, NULL, 240, 18, 26, 1900, NULL, NULL, NULL, NULL, NULL, NULL, NULL, NULL, NULL, NULL, NULL, 40, NULL, 30);

-- npc_ability (3 rows)
INSERT INTO npc_ability (npc_id, ability_id, priority, cooldown_override_ms, use_at_health_below_pct) VALUES
  (25, 2, 0, 6000, NULL),
  (26, 2, 0, NULL, 80),
  (63, 2, 0, NULL, 70);

-- npc_trainer (1 rows)
INSERT INTO npc_trainer (npc_id) VALUES
  (64);

-- npc_trainer_ability (2 rows)
INSERT INTO npc_trainer_ability (npc_id, ability_id, cost_copper, required_class, required_level) VALUES
  (64, 1, 500, NULL, 4),
  (64, 2, 1200, 'vanguard', 8);

-- equip_type (8 rows)
INSERT INTO equip_type (content_id, equip_ref, name, category, slot_class) VALUES
  (118, 'core:equip_type.cloth', 'Cloth', 'armor', NULL),
  (119, 'core:equip_type.leather', 'Leather', 'armor', NULL),
  (120, 'core:equip_type.mail', 'Mail', 'armor', NULL),
  (121, 'core:equip_type.one_hand', 'One-Hand', 'weapon', 'main'),
  (122, 'core:equip_type.plate', 'Plate', 'armor', NULL),
  (123, 'core:equip_type.staff', 'Staff', 'weapon', 'two_hand'),
  (124, 'core:equip_type.two_hand', 'Two-Hand', 'weapon', 'two_hand'),
  (125, 'core:equip_type.wand', 'Wand', 'weapon', 'main');

-- item_template (28 rows)
INSERT INTO item_template (id, name, flavor_text, item_class, subclass, slot, equip_type_id, rarity, required_level, item_level, is_unique, binding, stack_size, weapon_damage_min, weapon_damage_max, weapon_speed_ms, weapon_school, armor, effect_on_use_id, price_sell, price_buy, visual_icon_id, visual_model_id) VALUES
  (16, 'Bren''s Signet', 'The quartermaster''s seal, good for a discount he''ll deny offering.', 'armor', 'misc', 'finger', NULL, 'uncommon', 4, 9, FALSE, 'on_pickup', 1, NULL, NULL, NULL, NULL, NULL, NULL, 380, NULL, 12, NULL),
  (17, 'Kobold Ear', 'Proof of a culling. Bren doesn''t ask how you got it.', 'quest', NULL, NULL, NULL, 'common', 1, 1, FALSE, 'on_pickup', 20, NULL, NULL, NULL, NULL, NULL, NULL, NULL, NULL, 8, NULL),
  (18, 'Miner''s Lamp Charm', 'Still faintly warm. Kobolds swear by them; kobolds swear at everything.', 'armor', 'misc', 'trinket', NULL, 'uncommon', 4, 9, FALSE, 'on_pickup', 1, NULL, NULL, NULL, NULL, NULL, NULL, 380, NULL, 9, NULL),
  (19, 'Minor Healing Potion', NULL, 'consumable', NULL, NULL, NULL, 'common', 1, 1, FALSE, 'none', 5, NULL, NULL, NULL, NULL, NULL, 1, 38, 150, 11, NULL),
  (20, 'Rusty Pickaxe', 'Generations of kobold thumbs have worn the haft smooth.', 'weapon', 'mace_1h', 'main_hand', NULL, 'uncommon', 3, 8, FALSE, 'on_equip', 1, 9, 14, 2600, NULL, NULL, NULL, 425, NULL, 10, 13),
  (49, 'Charred Totem', 'A firecaller''s fetish, scorched black. It hums when the deep stirs.', 'quest', NULL, NULL, NULL, 'common', 1, 1, FALSE, 'on_pickup', 20, NULL, NULL, NULL, NULL, NULL, NULL, NULL, NULL, 42, NULL),
  (50, 'Cinder Heart', 'It beats once for every breath you hold. Bren will want to see this.', 'quest', NULL, NULL, NULL, 'uncommon', 1, 1, FALSE, 'on_pickup', 1, NULL, NULL, NULL, NULL, NULL, NULL, NULL, NULL, 43, NULL),
  (51, 'Deep Survey Scrap', 'Foreman Dain''s charcoal map of the sunken galleries, torn but legible.', 'quest', NULL, NULL, NULL, 'common', 1, 1, FALSE, 'on_pickup', 5, NULL, NULL, NULL, NULL, NULL, NULL, NULL, NULL, 47, NULL),
  (52, 'Ember Mote', 'A fleck of the mountain''s slow fire. It never quite goes cold.', 'quest', NULL, NULL, NULL, 'common', 1, 1, FALSE, 'on_pickup', 20, NULL, NULL, NULL, NULL, NULL, NULL, NULL, NULL, 44, NULL),
  (53, 'Emberforged Pick', 'Reforged in the vent-heat of Cinderdeep. It bites where rust only bruised.', 'weapon', 'mace_1h', 'main_hand', 121, 'uncommon', 6, 12, FALSE, 'on_equip', 1, 12, 18, 2600, NULL, NULL, NULL, 720, NULL, 45, NULL),
  (54, 'Charm of the Hollow', 'Braided ash-reed and river-glass. The wardens give them to those who come back.', 'armor', 'misc', 'neck', NULL, 'uncommon', 5, 11, FALSE, 'on_pickup', 1, NULL, NULL, NULL, NULL, NULL, NULL, 560, NULL, 46, NULL),
  (55, 'Spare Miner''s Lamp', 'Trimmed, filled, and lit. Someone in the dark will bless you for it.', 'quest', NULL, NULL, NULL, 'common', 1, 1, FALSE, 'on_pickup', 5, NULL, NULL, NULL, NULL, NULL, NULL, NULL, NULL, 9, NULL),
  (56, 'Warden''s Crest', 'Sela''s own crest, pressed into your hand. It opens doors in Emberfall.', 'armor', 'misc', 'trinket', NULL, 'rare', 7, 14, FALSE, 'on_pickup', 1, NULL, NULL, NULL, NULL, NULL, NULL, 1050, NULL, 48, NULL),
  (102, 'Warden''s Cuirass', 'The breastplate of the Deep Watch — dented, re-forged, never surrendered.', 'armor', 'plate', 'chest', 122, 'rare', 10, 14, FALSE, 'on_equip', 1, NULL, NULL, NULL, NULL, 80, NULL, 960, NULL, 48, NULL),
  (103, 'Warden''s Sabatons', 'Iron-shod boots that grip wet stone and hot ash alike.', 'armor', 'plate', 'feet', 122, 'rare', 10, 11, FALSE, 'on_equip', 1, NULL, NULL, NULL, NULL, 40, NULL, 480, NULL, 48, NULL),
  (104, 'Warden''s Gauntlets', 'Articulated steel. Still closes on a haft without a thought.', 'armor', 'plate', 'hands', 122, 'rare', 10, 11, FALSE, 'on_equip', 1, NULL, NULL, NULL, NULL, 35, NULL, 420, NULL, 48, NULL),
  (105, 'Warden''s Helm', 'Full steel, cheek to crown. The Wardens see everything and show nothing.', 'armor', 'plate', 'head', 122, 'rare', 10, 12, FALSE, 'on_equip', 1, NULL, NULL, NULL, NULL, 40, NULL, 480, NULL, 48, NULL),
  (106, 'Warden''s Greaves', 'Leg guards cut for the long descent into the Cinderdeep.', 'armor', 'plate', 'legs', 122, 'rare', 10, 13, FALSE, 'on_equip', 1, NULL, NULL, NULL, NULL, 60, NULL, 720, NULL, 48, NULL),
  (107, 'Warden''s Pauldrons', 'Twin plates that shrug off a kobold''s overhand as if it were rain.', 'armor', 'plate', 'shoulders', 122, 'rare', 10, 12, FALSE, 'on_equip', 1, NULL, NULL, NULL, NULL, 45, NULL, 540, NULL, 48, NULL),
  (114, 'Iron Sword', 'A plain arming sword of forge-black iron — honest steel, no frills.', 'weapon', 'sword_1h', 'main_hand', 121, 'common', 1, 5, FALSE, 'none', 1, 6, 11, 2400, NULL, NULL, NULL, 120, NULL, 112, 113),
  (164, 'Apprentice''s Robe', 'Coarse-woven wool, singed at the cuffs from too-eager practice.', 'armor', 'cloth', 'chest', 118, 'common', 1, 1, FALSE, 'none', 1, NULL, NULL, NULL, NULL, 8, NULL, 50, NULL, 48, NULL),
  (165, 'Apprentice''s Staff', 'A plain ashwood stave, its focus-crystal barely a chip of quartz.', 'weapon', 'staff', 'two_hand', 123, 'common', 1, 1, FALSE, 'none', 1, 4, 8, 3000, NULL, NULL, NULL, 80, NULL, 112, NULL),
  (166, 'Acolyte''s Prayer Wand', 'A thumb-worn rod of birch, blessed by a hedge-priest for a copper.', 'weapon', 'wand', 'main_hand', 125, 'common', 1, 1, FALSE, 'none', 1, 3, 6, 2000, 'holy', NULL, NULL, 80, NULL, 112, NULL),
  (167, 'Acolyte''s Vestments', 'Undyed linen, the hem still stiff from the temple''s starch.', 'armor', 'cloth', 'chest', 118, 'common', 1, 1, FALSE, 'none', 1, NULL, NULL, NULL, NULL, 8, NULL, 50, NULL, 48, NULL),
  (168, 'Recruit''s Leathers', 'Supple, quiet, and cut close so nothing snags in the dark.', 'armor', 'leather', 'chest', 119, 'common', 1, 1, FALSE, 'none', 1, NULL, NULL, NULL, NULL, 20, NULL, 55, NULL, 48, NULL),
  (169, 'Recruit''s Shiv', 'A ground-down file with a leather grip. Deniable, and quick.', 'weapon', 'dagger', 'main_hand', 121, 'common', 1, 1, FALSE, 'none', 1, 4, 7, 1800, NULL, NULL, NULL, 80, NULL, 112, NULL),
  (170, 'Recruit''s Battleblade', 'Standard-issue steel, blunt at the tip and honest in the swing.', 'weapon', 'sword_1h', 'main_hand', 121, 'common', 1, 1, FALSE, 'none', 1, 5, 9, 2400, NULL, NULL, NULL, 80, NULL, 112, NULL),
  (171, 'Recruit''s Platemail', 'Dented drill plate, re-issued more times than anyone can count.', 'armor', 'plate', 'chest', 122, 'common', 1, 1, FALSE, 'none', 1, NULL, NULL, NULL, NULL, 40, NULL, 60, NULL, 48, NULL);

-- item_stat (22 rows)
INSERT INTO item_stat (item_id, stat, amount) VALUES
  (16, 'intellect', 2),
  (16, 'spirit', 2),
  (18, 'stamina', 3),
  (20, 'strength', 2),
  (53, 'strength', 3),
  (54, 'spirit', 3),
  (54, 'stamina', 2),
  (56, 'agility', 4),
  (56, 'stamina', 3),
  (102, 'stamina', 3),
  (103, 'stamina', 3),
  (104, 'stamina', 3),
  (105, 'stamina', 3),
  (106, 'stamina', 3),
  (107, 'stamina', 3),
  (164, 'intellect', 2),
  (165, 'intellect', 2),
  (166, 'intellect', 2),
  (167, 'intellect', 2),
  (168, 'agility', 2),
  (169, 'agility', 2),
  (171, 'stamina', 2);

-- ability (22 rows)
INSERT INTO ability (id, name, description, school, target, range_m, cast_time_ms, cast_channel_ms, cooldown_ms, triggers_gcd, resource_type, resource_amount, av_cast_anim, av_cast_vfx_id, av_cast_sfx_id, av_impact_vfx_id, av_impact_sfx_id, effects_json) VALUES
  (1, 'Minor Healing', 'Restores {amount} health.', 'holy', 'self', 0, 0, NULL, 60000, FALSE, NULL, NULL, NULL, 14, 33, NULL, NULL, '[{"amount":{"max":60,"min":40},"kind":"heal"}]'),
  (2, 'Pickaxe Slam', 'Slams the target for {amount} physical damage and leaves them bleeding.', 'physical', 'enemy', 5, 0, NULL, 10000, TRUE, 'energy', 20, 'attack_overhead', NULL, NULL, 15, 32, '[{"amount":{"max":13,"min":8},"kind":"damage"},{"duration_ms":9000,"kind":"aura","periodic":{"amount":{"max":3,"min":2},"kind":"damage","tick_ms":3000}}]'),
  (133, 'Cleave Strike', 'A sweeping blow that hits for {amount} physical damage.', 'physical', 'enemy', 5, 0, NULL, 6000, TRUE, 'rage', 15, NULL, NULL, NULL, NULL, NULL, '[{"amount":{"max":18,"min":12},"coefficient":0.4,"kind":"damage"}]'),
  (134, 'Iron Resolve', 'Steels the body, increasing stamina for a time.', 'physical', 'self', 0, 0, NULL, 45000, FALSE, 'rage', 10, NULL, NULL, NULL, NULL, NULL, '[{"duration_ms":12000,"kind":"aura","stat_mods":[{"amount":8,"stat":"stamina"}]}]'),
  (135, 'Mending Word', 'A whispered blessing that restores {amount} health.', 'holy', 'friendly', 30, 1500, NULL, 0, TRUE, 'mana', 25, NULL, NULL, NULL, NULL, NULL, '[{"amount":{"max":45,"min":30},"coefficient":0.6,"kind":"heal"}]'),
  (136, 'Searing Brand', 'Marks the target with fire, dealing {amount} damage over time and weakening it.', 'fire', 'enemy', 30, 0, NULL, 12000, TRUE, 'mana', 20, NULL, NULL, NULL, NULL, NULL, '[{"duration_ms":9000,"kind":"aura","periodic":{"amount":{"max":6,"min":4},"kind":"damage","tick_ms":3000},"stat_mods":[{"amount":-5,"stat":"strength"}]}]'),
  (144, 'Arcane Bolt', 'A bolt of raw arcane force striking for {amount} damage.', 'arcane', 'enemy', 30, 1500, NULL, 0, TRUE, 'mana', 20, NULL, NULL, NULL, NULL, NULL, '[{"amount":{"max":26,"min":18},"coefficient":0.6,"kind":"damage"}]'),
  (145, 'Arcane Storm', 'A crashing wave of arcane energy that hits for {amount} damage.', 'arcane', 'enemy', 30, 2000, NULL, 8000, TRUE, 'mana', 40, NULL, NULL, NULL, NULL, NULL, '[{"amount":{"max":30,"min":22},"coefficient":0.7,"kind":"damage"}]'),
  (146, 'Frost Lock', 'Encases the target''s legs in ice, rooting them in place.', 'frost', 'enemy', 30, 0, NULL, 12000, TRUE, 'mana', 20, NULL, NULL, NULL, NULL, NULL, '[{"duration_ms":6000,"kind":"cc","type":"root"}]'),
  (147, 'Cinderburn', 'Sets the target ablaze, searing them for {amount} fire damage each tick.', 'fire', 'enemy', 30, 0, NULL, 6000, TRUE, 'mana', 25, NULL, NULL, NULL, NULL, NULL, '[{"amount":{"max":9,"min":6},"coefficient":0.2,"duration_ms":12000,"kind":"dot","tick_ms":3000}]'),
  (148, 'Aegis', 'Wraps an ally in holy light, absorbing {amount} incoming damage.', 'holy', 'friendly', 30, 0, NULL, 8000, TRUE, 'mana', 30, NULL, NULL, NULL, NULL, NULL, '[{"amount":{"max":150,"min":100},"coefficient":0.5,"duration_ms":12000,"kind":"shield"}]'),
  (149, 'Mend', 'A prayer that knits wounds, restoring {amount} health.', 'holy', 'friendly', 30, 1500, NULL, 0, TRUE, 'mana', 25, NULL, NULL, NULL, NULL, NULL, '[{"amount":{"max":60,"min":40},"coefficient":0.6,"kind":"heal"}]'),
  (150, 'Purge', 'Scours the target with holy fire, sapping its strength.', 'holy', 'enemy', 30, 0, NULL, 8000, TRUE, 'mana', 20, NULL, NULL, NULL, NULL, NULL, '[{"amount":-10,"attribute":"core:attribute.strength","duration_ms":10000,"kind":"debuff","modifier":"flat"}]'),
  (151, 'Renewal', 'A blessing that mends the target for {amount} health each tick.', 'holy', 'friendly', 30, 0, NULL, 0, TRUE, 'mana', 25, NULL, NULL, NULL, NULL, NULL, '[{"amount":{"max":12,"min":8},"coefficient":0.2,"duration_ms":12000,"kind":"hot","tick_ms":3000}]'),
  (152, 'Ribcut', 'A precise thrust to a vital point for {amount} physical damage.', 'physical', 'enemy', 5, 0, NULL, 6000, TRUE, 'energy', 35, NULL, NULL, NULL, NULL, NULL, '[{"amount":{"max":28,"min":20},"coefficient":0.5,"kind":"damage"}]'),
  (153, 'Weakpoint', 'Finds the gaps in the target''s guard, weakening its armor.', 'physical', 'enemy', 5, 0, NULL, 10000, TRUE, 'energy', 25, NULL, NULL, NULL, NULL, NULL, '[{"amount":-40,"attribute":"core:attribute.armor","duration_ms":15000,"kind":"debuff","modifier":"flat"}]'),
  (154, 'Gash', 'A ragged cut that bleeds the target for {amount} damage each tick.', 'physical', 'enemy', 5, 0, NULL, 6000, TRUE, 'energy', 30, NULL, NULL, NULL, NULL, NULL, '[{"amount":{"max":8,"min":5},"coefficient":0.15,"duration_ms":12000,"kind":"dot","tick_ms":3000}]'),
  (155, 'Veilstep', 'Slips forward through the veiling shadows, closing the gap.', 'shadow', 'self', 0, 0, NULL, 15000, FALSE, 'energy', 25, NULL, NULL, NULL, NULL, NULL, '[{"distance_m":15,"kind":"movement","motion":"dash"}]'),
  (156, 'Bulwark', 'Braces behind raised guard, absorbing {amount} incoming damage.', 'physical', 'self', 0, 0, NULL, 20000, FALSE, 'rage', 10, NULL, NULL, NULL, NULL, NULL, '[{"amount":{"max":120,"min":80},"coefficient":0.4,"duration_ms":10000,"kind":"shield"}]'),
  (157, 'Bellow', 'A defiant bellow that seizes the target''s attention.', 'physical', 'enemy', 5, 0, NULL, 8000, TRUE, 'rage', 10, NULL, NULL, NULL, NULL, NULL, '[{"amount":500,"kind":"threat"}]'),
  (158, 'Crushing Blow', 'A heavy overhead swing that hits for {amount} physical damage.', 'physical', 'enemy', 5, 0, NULL, 6000, TRUE, 'rage', 15, NULL, NULL, NULL, NULL, NULL, '[{"amount":{"max":24,"min":16},"coefficient":0.5,"kind":"damage"}]'),
  (159, 'Skullcrack', 'A stunning blow to the head that dazes the target for a few seconds.', 'physical', 'enemy', 5, 0, NULL, 15000, TRUE, 'rage', 20, NULL, NULL, NULL, NULL, NULL, '[{"duration_ms":4000,"kind":"cc","type":"stun"}]');

-- attribute (7 rows)
INSERT INTO attribute (attr_ref, content_id, name, kind) VALUES
  ('core:attribute.agility', 126, 'Agility', 'primary'),
  ('core:attribute.armor', 127, 'Armor', 'derived'),
  ('core:attribute.crit', 128, 'Critical Strike', 'derived'),
  ('core:attribute.haste', 129, 'Haste', 'derived'),
  ('core:attribute.intellect', 130, 'Intellect', 'primary'),
  ('core:attribute.stamina', 131, 'Stamina', 'primary'),
  ('core:attribute.strength', 132, 'Strength', 'primary');

-- race (2 rows)
INSERT INTO race (roster_id, content_id, name, description) VALUES
  (1, 139, 'Ardent', 'Resilient folk of the central realm.'),
  (2, 140, 'Dolmen', 'Stoic mountain folk hewn from the deep stone.');

-- class (6 rows)
INSERT INTO class (roster_id, content_id, name, description, talent_tree_id) VALUES
  (1, 137, 'Vanguard', 'A front-line melee defender who holds the line.', 143),
  (3, 138, 'Warden', 'A ranged hybrid who mends allies and burns foes at distance.', NULL),
  (5, 163, 'Warrior', 'A plate-clad tank who holds the front line and controls the fight.', 183),
  (6, 160, 'Mage', 'A cloth-robed spellcaster who burns and controls foes from range.', 180),
  (7, 162, 'Rogue', 'A leather-clad skirmisher who strikes from the shadows and bleeds foes dry.', 182),
  (8, 161, 'Priest', 'A cloth-robed healer who mends allies, shields them, and purges foes.', 181);

-- class_race_limit (2 rows)
INSERT INTO class_race_limit (class_roster_id, race_roster_id) VALUES
  (1, 1),
  (1, 2);

-- class_usable_equip_type (19 rows)
INSERT INTO class_usable_equip_type (class_roster_id, equip_type_id, list) VALUES
  (1, 120, 'armor'),
  (1, 121, 'weapon'),
  (1, 122, 'armor'),
  (1, 124, 'weapon'),
  (3, 119, 'armor'),
  (3, 120, 'armor'),
  (3, 121, 'weapon'),
  (3, 123, 'weapon'),
  (5, 121, 'weapon'),
  (5, 122, 'armor'),
  (5, 124, 'weapon'),
  (6, 118, 'armor'),
  (6, 123, 'weapon'),
  (6, 125, 'weapon'),
  (7, 119, 'armor'),
  (7, 121, 'weapon'),
  (8, 118, 'armor'),
  (8, 123, 'weapon'),
  (8, 125, 'weapon');

-- class_role (7 rows)
INSERT INTO class_role (class_roster_id, role) VALUES
  (1, 'tank'),
  (3, 'dps_ranged'),
  (3, 'healer'),
  (5, 'tank'),
  (6, 'dps_ranged'),
  (7, 'dps_melee'),
  (8, 'healer');

-- class_attribute_mod (9 rows)
INSERT INTO class_attribute_mod (class_roster_id, attr_ref, value) VALUES
  (1, 'core:attribute.stamina', 1),
  (1, 'core:attribute.strength', 2),
  (3, 'core:attribute.agility', 2),
  (5, 'core:attribute.stamina', 2),
  (5, 'core:attribute.strength', 2),
  (6, 'core:attribute.intellect', 3),
  (7, 'core:attribute.agility', 3),
  (8, 'core:attribute.intellect', 2),
  (8, 'core:attribute.stamina', 1);

-- talent (10 rows)
INSERT INTO talent (content_id, talent_ref, name, rank_max) VALUES
  (141, 'core:talent.battle_fury', 'Battle Fury', 3),
  (142, 'core:talent.warding_grace', 'Warding Grace', 1),
  (172, 'core:talent.mage_frostwork', 'Frostwork', 1),
  (173, 'core:talent.mage_kindling', 'Kindling', 3),
  (174, 'core:talent.priest_devotion', 'Devotion', 3),
  (175, 'core:talent.priest_sanctuary', 'Sanctuary', 1),
  (176, 'core:talent.rogue_cutthroat', 'Cutthroat', 1),
  (177, 'core:talent.rogue_finesse', 'Finesse', 3),
  (178, 'core:talent.warrior_frontline', 'Frontline Fury', 3),
  (179, 'core:talent.warrior_guardian', 'Guardian''s Oath', 1);

-- talent_grant (20 rows)
INSERT INTO talent_grant (talent_id, ordinal, kind, ability_id, attribute_ref, amount, modifier, duration_ms, max_stacks) VALUES
  (141, 0, 'ability', 133, NULL, NULL, NULL, NULL, NULL),
  (141, 1, 'buff', NULL, 'core:attribute.strength', 5, 'flat', NULL, 1),
  (142, 0, 'ability', 135, NULL, NULL, NULL, NULL, NULL),
  (142, 1, 'buff', NULL, 'core:attribute.intellect', 3, 'flat', NULL, 1),
  (172, 0, 'ability', 146, NULL, NULL, NULL, NULL, NULL),
  (172, 1, 'buff', NULL, 'core:attribute.crit', 2, 'flat', NULL, 1),
  (173, 0, 'ability', 147, NULL, NULL, NULL, NULL, NULL),
  (173, 1, 'buff', NULL, 'core:attribute.intellect', 5, 'flat', NULL, 1),
  (174, 0, 'ability', 151, NULL, NULL, NULL, NULL, NULL),
  (174, 1, 'buff', NULL, 'core:attribute.intellect', 5, 'flat', NULL, 1),
  (175, 0, 'ability', 148, NULL, NULL, NULL, NULL, NULL),
  (175, 1, 'buff', NULL, 'core:attribute.stamina', 3, 'flat', NULL, 1),
  (176, 0, 'ability', 154, NULL, NULL, NULL, NULL, NULL),
  (176, 1, 'buff', NULL, 'core:attribute.crit', 2, 'flat', NULL, 1),
  (177, 0, 'ability', 152, NULL, NULL, NULL, NULL, NULL),
  (177, 1, 'buff', NULL, 'core:attribute.agility', 5, 'flat', NULL, 1),
  (178, 0, 'ability', 158, NULL, NULL, NULL, NULL, NULL),
  (178, 1, 'buff', NULL, 'core:attribute.stamina', 5, 'flat', NULL, 1),
  (179, 0, 'ability', 156, NULL, NULL, NULL, NULL, NULL),
  (179, 1, 'buff', NULL, 'core:attribute.strength', 3, 'flat', NULL, 1);

-- talent_tree (5 rows)
INSERT INTO talent_tree (content_id, tree_ref, name, description) VALUES
  (143, 'core:talent_tree.vanguard_path', 'Vanguard Path', 'The Vanguard''s tiered talent progression.'),
  (180, 'core:talent_tree.arcane_mastery', 'Arcane Mastery', 'The Mage''s tiered talent progression.'),
  (181, 'core:talent_tree.light_and_shadow', 'Light and Shadow', 'The Priest''s tiered talent progression.'),
  (182, 'core:talent_tree.shadow_arts', 'Shadow Arts', 'The Rogue''s tiered talent progression.'),
  (183, 'core:talent_tree.warriors_resolve', 'Warrior''s Resolve', 'The Warrior''s tiered talent progression.');

-- talent_tree_tier (10 rows)
INSERT INTO talent_tree_tier (talent_tree_id, tier_ordinal, required_points) VALUES
  (143, 0, 0),
  (143, 1, 5),
  (180, 0, 0),
  (180, 1, 5),
  (181, 0, 0),
  (181, 1, 5),
  (182, 0, 0),
  (182, 1, 5),
  (183, 0, 0),
  (183, 1, 5);

-- talent_tree_tier_talent (10 rows)
INSERT INTO talent_tree_tier_talent (talent_tree_id, tier_ordinal, ordinal, talent_id) VALUES
  (143, 0, 0, 141),
  (143, 1, 0, 142),
  (180, 0, 0, 173),
  (180, 1, 0, 172),
  (181, 0, 0, 174),
  (181, 1, 0, 175),
  (182, 0, 0, 177),
  (182, 1, 0, 176),
  (183, 0, 0, 178),
  (183, 1, 0, 179);

-- quest_template (10 rows)
INSERT INTO quest_template (id, name, summary, offer_text, completion_text, level, required_level, zone_ref_id, giver_npc_id, turn_in_npc_id, reward_xp, reward_money) VALUES
  (28, 'Culling the Kobolds', 'Kill 8 Kobold Miners in Cinderdeep Mine for Quartermaster Bren.', 'The kobolds crawled out of Cinderdeep like ants from a kicked hill, and every wagon they hit is food that doesn''t reach the village. Thin them out for me — eight ought to make the rest reconsider.', 'Eight fewer thieving hands in the hollow. You''ve earned this, and my thanks.', 4, 2, 37, 27, NULL, 340, 250),
  (29, 'Ears for Evidence', 'Collect 6 Kobold Ears for Quartermaster Bren.', 'The village council thinks I exaggerate the kobold problem. Fine. Bring me ears. Councilors respect ears.', 'Six. Ha! Let''s see the council call that "a modest infestation."', 5, 3, 37, 27, NULL, 420, 400),
  (65, 'Charter of the Hollow', 'Carry Dain''s survey to Warden Sela and read it at the Charter Stone.', 'I''ve torn my survey down to what matters and marked the deep beast''s den on it. Get it to Warden Sela — and read it aloud at the old Charter Stone, where Emberfall swears its watches. Make this the Hollow''s business, not just mine.', 'Dain''s hand, and his warning, both. A den in the sunken gallery — a beast the firecallers have been feeding. The charter''s spoken now; the Hollow acts. Meet me at the vent shelf. We end this.', 7, 5, 37, 62, 64, 700, 650),
  (66, 'Emberblight', 'Scatter 6 Ember Wisps on the ashvents and gather 8 Ember Motes.', 'The vents breed wisps when the mountain runs hot, and a hot mountain is a mountain about to speak. Scatter the drift up there and bring me their motes — I read the deep by how fierce they burn.', 'Eight, and every one still warm. The mountain isn''t just hot, warden''s honor — it''s building to something. Keep that blade loose.', 6, 4, 37, 64, NULL, 520, 450),
  (67, 'Heart of the Cindermaw', 'Slay the Cindermaw in the Sunken Gallery and cut out its Cinder Heart.', 'The firecallers weren''t worshipping the deep. They were feeding it — and it grew into the Cindermaw. It nests in the sunken gallery now, and it will not stay there. End it, and bring me its heart, so Emberfall knows the deep is answered.', 'Still warm, still beating. You carried the whole Hollow down into that dark and carried it back out. Emberfall breathes easier tonight because you didn''t. Take a warden''s crest — you''ve more than earned the name.', 8, 6, 37, 64, NULL, 1200, 1500),
  (68, 'Silence the Firecallers', 'Kill 6 Kobold Firecallers before they finish their chant.', 'Counting totems is one thing. Stopping the hands that plant them is another. The firecallers keep up a chant down there day and night — put six of them to silence and maybe the deep stops listening back.', 'The chant''s broken for now. You can hear the drip of the galleries again instead of that awful droning. Six fewer voices calling the dark up.', 7, 5, 37, 62, NULL, 640, 600),
  (69, 'Sparks in the Dark', 'Carry a spare lamp to Foreman Dain and scout the Sunken Gallery.', 'Dain went down after the foreman''s shift never came up, and now he hasn''t come up either. Take him a lamp — a lit one, mind — and see how deep the rot goes. If the galleries have flooded with kobolds, I want to hear it from you.', 'A friendly light. You have no idea. Set it there — and thank you for putting eyes on the deep. It''s worse than Bren fears.', 5, 3, 37, 27, 62, 380, 300),
  (70, 'The Deep Tally', 'Recover 5 Charred Totems from the firecallers in the lower galleries.', 'The firecallers plant those scorched totems at every gallery mouth — wards, or worse. I want five of them in my hands so I can count how far they''ve dug. Every totem you pull is a room we take back.', 'Five. So they hold the third gallery and half the fourth. That''s the tally I feared. Bless you for the count, even if the number''s grim.', 7, 5, 37, 62, NULL, 620, 550),
  (71, 'Trail of the Digmasters', 'Kill 4 Kobold Digmasters ranging onto the low trail.', 'It isn''t just miners on the trail now — the digmasters are out, and where a digmaster walks, a work-gang follows. Break four of them and the gangs lose their nerve. Do it before they reach the village road.', 'Four supervisors down. The gangs are already drifting back to the dark. You bought the low trail a week of quiet — spend it well.', 6, 4, 37, 64, NULL, 480, 420),
  (72, 'Warden''s Watch', 'Climb to the Ashvent Overlook and take in the ridge with Warden Sela.', 'Bren keeps you looking down at the mine. I need you looking up. Climb to the Ashvent Overlook — the high shelf above the vents — and see what I see. Then we''ll talk about what''s coming off that ridge.', 'Now you''ve seen it. Wisps drifting off the vents, stalkers on the low trail. The Hollow''s edges are fraying. Good — you came back. Most don''t climb twice.', 4, 3, 37, 64, NULL, 300, 200);

-- quest_objective (14 rows)
INSERT INTO quest_objective (quest_id, ordinal, type, target_npc_id, item_id, to_npc_id, zone_ref_id, poi, count) VALUES
  (28, 0, 'kill', 26, NULL, NULL, NULL, NULL, 8),
  (29, 0, 'collect', NULL, 17, NULL, NULL, NULL, 6),
  (65, 0, 'deliver', NULL, 51, 64, NULL, NULL, NULL),
  (65, 1, 'explore', NULL, NULL, NULL, 37, 'charter_stone', NULL),
  (66, 0, 'kill', 61, NULL, NULL, NULL, NULL, 6),
  (66, 1, 'collect', NULL, 52, NULL, NULL, NULL, 8),
  (67, 0, 'kill', 60, NULL, NULL, NULL, NULL, 1),
  (67, 1, 'collect', NULL, 50, NULL, NULL, NULL, 1),
  (68, 0, 'kill', 63, NULL, NULL, NULL, NULL, 6),
  (69, 0, 'deliver', NULL, 55, 62, NULL, NULL, NULL),
  (69, 1, 'explore', NULL, NULL, NULL, 37, 'sunken_gallery', NULL),
  (70, 0, 'collect', NULL, 49, NULL, NULL, NULL, 5),
  (71, 0, 'kill', 25, NULL, NULL, NULL, NULL, 4),
  (72, 0, 'explore', NULL, NULL, NULL, 37, 'ashvent_overlook', NULL);

-- quest_prereq (12 rows)
INSERT INTO quest_prereq (quest_id, prereq_quest_id) VALUES
  (29, 28),
  (65, 68),
  (65, 70),
  (66, 72),
  (67, 65),
  (67, 66),
  (67, 71),
  (68, 69),
  (69, 28),
  (70, 69),
  (71, 72),
  (72, 28);

-- quest_reward (15 rows)
INSERT INTO quest_reward (quest_id, is_choice, ordinal, item_id, count) VALUES
  (28, FALSE, 0, 19, 3),
  (29, TRUE, 0, 18, 1),
  (29, TRUE, 1, 16, 1),
  (65, FALSE, 0, 54, 1),
  (66, TRUE, 0, 54, 1),
  (66, TRUE, 1, 18, 1),
  (67, FALSE, 0, 56, 1),
  (67, TRUE, 0, 53, 1),
  (67, TRUE, 1, 54, 1),
  (68, TRUE, 0, 54, 1),
  (68, TRUE, 1, 16, 1),
  (69, FALSE, 0, 19, 3),
  (70, FALSE, 0, 19, 3),
  (71, FALSE, 0, 53, 1),
  (72, FALSE, 0, 19, 2);

-- loot_table (4 rows)
INSERT INTO loot_table (id, money_min, money_max) VALUES
  (21, 5, 20),
  (57, 40, 120),
  (58, 2, 9),
  (59, 6, 22);

-- loot_group (4 rows)
INSERT INTO loot_group (loot_table_id, ordinal, name, pick, chance_pct) VALUES
  (21, 0, 'common_drops', 1, 40),
  (57, 0, 'molten_hoard', 1, 60),
  (58, 0, 'wisp_residue', 1, 25),
  (59, 0, 'cultist_pockets', 1, 35);

-- loot_entry (15 rows)
INSERT INTO loot_entry (loot_table_id, entry_ordinal, group_ordinal, item_id, nested_table_id, chance_pct, weight, quantity_min, quantity_max, quest_ref_id) VALUES
  (21, 0, NULL, 17, NULL, 80, NULL, NULL, NULL, 29),
  (21, 1, NULL, 20, NULL, 3, NULL, NULL, NULL, NULL),
  (21, 2, 0, 19, NULL, NULL, 30, NULL, NULL, NULL),
  (21, 3, 0, 18, NULL, NULL, 3, NULL, NULL, NULL),
  (57, 0, NULL, 50, NULL, 100, NULL, NULL, NULL, 67),
  (57, 1, 0, 53, NULL, NULL, 6, NULL, NULL, NULL),
  (57, 2, 0, 54, NULL, NULL, 6, NULL, NULL, NULL),
  (57, 3, 0, 19, NULL, NULL, 20, NULL, NULL, NULL),
  (58, 0, NULL, 52, NULL, 75, NULL, NULL, NULL, 66),
  (58, 1, 0, 19, NULL, NULL, 20, NULL, NULL, NULL),
  (58, 2, 0, 52, NULL, NULL, 3, NULL, NULL, NULL),
  (59, 0, NULL, 49, NULL, 70, NULL, NULL, NULL, 70),
  (59, 1, NULL, 20, NULL, 2, NULL, NULL, NULL, NULL),
  (59, 2, 0, 19, NULL, NULL, 25, NULL, NULL, NULL),
  (59, 3, 0, 18, NULL, NULL, 4, NULL, NULL, NULL);

-- vendor_inventory (1 rows)
INSERT INTO vendor_inventory (id) VALUES
  (36);

-- vendor_inventory_item (2 rows)
INSERT INTO vendor_inventory_item (vendor_id, ordinal, item_id, price_override, limited_count, limited_restock_minutes) VALUES
  (36, 0, 19, NULL, NULL, NULL),
  (36, 1, 20, 1700, 1, 180);

-- vendor_inventory_buys (4 rows)
INSERT INTO vendor_inventory_buys (vendor_id, item_class) VALUES
  (36, 'armor'),
  (36, 'consumable'),
  (36, 'trade_good'),
  (36, 'weapon');

-- spawn_point (14 rows)
INSERT INTO spawn_point (id, zone_ref_id, npc_id, pos_x, pos_y, pos_z, orientation_deg, respawn_min, respawn_max, wander_radius_m) VALUES
  (1048575, 37, 62, -356, -18, 146, 90, 60, 60, NULL),
  (1048576, 37, 61, -176, 63.5, 44, 0, 90, 150, 12),
  (1048577, 37, 61, -192, 64, 30, 0, 90, 150, 12),
  (1048578, 37, 61, -168, 64.5, 52, 0, 90, 150, 10),
  (1048579, 37, 63, -348, -16, 138, 30, 150, 240, 6),
  (1048580, 37, 63, -372, -17, 158, 210, 150, 240, 6),
  (1048581, 37, 63, -366, -18.5, 132, 0, 150, 240, 6),
  (1048582, 37, 60, -360, -18, 168, 180, 600, 900, NULL),
  (1048583, 37, 27, 66, 0, 62, 200, 60, 60, NULL),
  (1048584, 37, 64, 60, 0, 68, 315, 60, 60, NULL),
  (1048585, 37, 26, 88, 0, 72, 0, 120, 180, 8),
  (1048586, 37, 26, 95, 0, 66, 0, 120, 180, 8),
  (1048587, 37, 26, 92, 0, 80, 45, 120, 180, NULL),
  (1048588, 37, 25, 98, 0, 74, 0, 300, 420, NULL);

-- patrol_path (2 rows)
INSERT INTO patrol_path (spawn_point_id, `loop`) VALUES
  (1048582, TRUE),
  (1048588, TRUE);

-- patrol_waypoint (7 rows)
INSERT INTO patrol_waypoint (spawn_point_id, ordinal, pos_x, pos_y, pos_z, wait_seconds) VALUES
  (1048582, 0, -360, -18, 168, 10),
  (1048582, 1, -344, -17, 150, 0),
  (1048582, 2, -376, -18.5, 140, 6),
  (1048588, 0, 98, 0, 74, 5),
  (1048588, 1, 88, 0, 70, 0),
  (1048588, 2, 100, 0, 88, 8),
  (1048588, 3, 105, 0, 80, 0);

-- zone (1 rows)
INSERT INTO zone (id, name, level_min, level_max, start_zone, music_explore_id, music_tension_id, music_combat_id, ambience_id) VALUES
  (37, 'Emberfall Hollow', 1, 10, TRUE, 23, 24, 22, 3);

-- area (5 rows)
INSERT INTO area (zone_id, poi, name, pos_x, pos_y, pos_z, discovery_radius_m, discovery_xp) VALUES
  (37, 'ashvent_overlook', 'Ashvent Overlook', -180, 64, 40, 40, 130),
  (37, 'charter_stone', 'Old Charter Stone', 96, 9, -212, 30, 90),
  (37, 'cinderdeep_mine', 'Cinderdeep Mine', -310, 22, 95, 45, 110),
  (37, 'emberfall_village', 'Emberfall Village', 120, 8.5, -240, 60, 85),
  (37, 'sunken_gallery', 'Sunken Gallery', -360, -18, 150, 35, 160);

-- graveyard (1 rows)
INSERT INTO graveyard (zone_id, ordinal, pos_x, pos_y, pos_z, orientation_deg) VALUES
  (37, 0, 140, 9, -255, 180);

-- gossip (3 rows)
INSERT INTO gossip (npc_id, `text`) VALUES
  (27, 'Mind the mine roads, traveler — the kobolds have gotten bold since the foreman stopped coming back. If you''re headed that way, I''ll make it worth your while.'),
  (62, 'You''re the one Bren sent? Thank the deep — I''d about run out of lamp oil and nerve both. The firecallers took the lower galleries. Help me map what''s left and I''ll see the Hollow knows what''s brewing down here.'),
  (64, 'The village looks to Bren for its stores and to me for its borders. The ridge is loud lately — wisps on the ashvents, stalkers on the low trail. Walk it with me a while, and I''ll teach you what the Hollow answers to.');

SET FOREIGN_KEY_CHECKS = 1;
